Roll Number,Score
200558,5.70324136430828
200843,5.682663487093353
